{"products":[{"id":"0.8673954767620236","qty":1}],"totalPrice":20.430000000000007}